{
  "version" : "1.0",

  "Africa/Abidjan" : {"name" : "Greenwich Mean Time", "offset" : "UTC", "dst" : false, "index" : "Coordinated Universal Time"},
  "Africa/Accra" : {"name" : "Greenwich Mean Time", "offset" : "UTC", "dst" : false, "index" : "Coordinated Universal Time"},
  "Africa/Addis_Ababa" : {"name" : "East Africa Time", "offset" : "UTC+03:00", "dst" : false, "index" : "Nairobi"},
  "Africa/Algiers" : {"name" : "Central European Standard Time", "offset" : "UTC+01:00", "dst" : false, "index" : "West Central Africa"},
  "Africa/Asmara" : {"name" : "East Africa Time", "offset" : "UTC+03:00", "dst" : false, "index" : "Nairobi"},
  "Africa/Asmera" : {"name" : "East Africa Time", "offset" : "UTC+03:00", "dst" : false, "index" : "Nairobi"},
  "Africa/Bamako" : {"name" : "Greenwich Mean Time", "offset" : "UTC", "dst" : false, "index" : "Coordinated Universal Time"},
  "Africa/Bangui" : {"name" : "West Africa Standard Time", "offset" : "UTC+01:00", "dst" : false, "index" : "West Central Africa"},
  "Africa/Banjul" : {"name" : "Greenwich Mean Time", "offset" : "UTC", "dst" : false, "index" : "Coordinated Universal Time"},
  "Africa/Bissau" : {"name" : "Greenwich Mean Time", "offset" : "UTC", "dst" : false, "index" : "Coordinated Universal Time"},
  "Africa/Blantyre" : {"name" : "Central Africa Time", "offset" : "UTC+02:00", "dst" : false, "index" : "Harare, Pretoria"},
  "Africa/Brazzaville" : {"name" : "West Africa Standard Time", "offset" : "UTC+01:00", "dst" : false, "index" : "West Central Africa"},
  "Africa/Bujumbura" : {"name" : "Central Africa Time", "offset" : "UTC+02:00", "dst" : false, "index" : "Harare, Pretoria"},
  "Africa/Cairo" : {"name" : "Eastern European Standard Time", "offset" : "UTC+02:00", "dst" : false, "index" : "Cairo"},
  "Africa/Casablanca" : {"name" : "Western European Standard Time", "offset" : "UTC", "dst": true, "index" : "Casablanca"},
  "Africa/Ceuta" : {"name" : "Central European Standard Time", "offset" : "UTC+01:00", "dst" : true, "index" : "Brussels, Copenhagen, Madrid, Paris"},
  "Africa/Conakry" : {"name" : "Greenwich Mean Time", "offset" : "UTC", "dst" : false, "index" : "Coordinated Universal Time"},


  "Africa/Dakar" : {"name" : "Greenwich Mean Time", "offset" : "UTC", "dst" : false, "index" : "Coordinated Universal Time"},
  "Africa/Dar_es_Salaam" : {"name" : "East Africa Time", "offset" : "UTC+03:00", "dst" : false, "index" : "Nairobi"},
  "Africa/Djibouti" : {"name" : "East Africa Time", "offset" : "UTC+03:00", "dst" : false, "index" : "Nairobi"},
  "Africa/Douala" : {"name" : "West Africa Standard Time", "offset" : "UTC+01:00", "dst" : false, "index" : "West Central Africa"},
  "Africa/El_Aaiun" : {"name" : "Western European Standard Time", "offset" : "UTC", "dst" : true, "index" : "Casablanca"},
  "Africa/Freetown" : {"name" : "Greenwich Mean Time", "offset" : "UTC", "dst" : false, "index" : "Coordinated Universal Time"},
  "Africa/Gaborone" : {"name" : "Central Africa Time", "offset" : "UTC+02:00", "dst" : false, "index" : "Harare, Pretoria"},
  "Africa/Harare" : {"name" : "Central Africa Time", "offset" : "UTC+02:00", "dst" : false, "index" : "Harare, Pretoria"},
  "Africa/Johannesburg" : {"name" : "South Africa Standard Time", "offset" : "UTC+02:00", "dst" : false, "index" : "Harare, Pretoria"},
  "Africa/Juba" : {"name" : "East Africa Time", "offset" : "UTC+03:00", "dst" : false, "index" : "Nairobi"},
  "Africa/Kampala" : {"name" : "East Africa Time", "offset" : "UTC+03:00", "dst" : false, "index" : "Nairobi"},
  "Africa/Khartoum" : {"name" : "East Africa Time", "offset" : "UTC+03:00", "dst" : false, "index" : "Nairobi"},
  "Africa/Kigali" : {"name" : "Central Africa Time", "offset" : "UTC+02:00", "dst" : false, "index" : "Harare, Pretoria"},
  "Africa/Kinshasa" : {"name" : "West Africa Standard Time", "offset" : "UTC+01:00", "dst" : false, "index" : "West Central Africa"},
  "Africa/Lagos" : {"name" : "West Africa Standard Time", "offset" : "UTC+01:00", "dst" : false, "index" : "West Central Africa"},
  "Africa/Libreville" : {"name" : "West Africa Standard Time", "offset" : "UTC+01:00", "dst" : false, "index" : "West Central Africa"},
  "Africa/Lome" : {"name" : "Greenwich Mean Time", "offset" : "UTC", "dst" : false, "index" : "Coordinated Universal Time"},
  "Africa/Luanda" : {"name" : "West Africa Standard Time", "offset" : "UTC+01:00", "dst" : false, "index" : "West Central Africa"},


  "Africa/Lubumbashi" : {"name" : "Central Africa Time", "offset" : "UTC+02:00", "dst" : false, "index" : "Harare, Pretoria"},
  "Africa/Lusaka" : {"name" : "Central Africa Time", "offset" : "UTC+02:00", "dst" : false, "index" : "Harare, Pretoria"},
  "Africa/Malabo" : {"name" : "West Africa Standard Time", "offset" : "UTC+01:00", "dst" : false, "index" : "West Central Africa"},
  "Africa/Maputo" : {"name" : "Central Africa Time", "offset" : "UTC+02:00", "dst" : false, "index" : "Harare, Pretoria"},
  "Africa/Maseru" : {"name" : "South Africa Standard Time", "offset" : "UTC+02:00", "dst" : false, "index" : "Harare, Pretoria"},
  "Africa/Mbabane" : {"name" : "South Africa Standard Time", "offset" : "UTC+02:00", "dst" : false, "index" : "Harare, Pretoria"},
  "Africa/Mogadishu" : {"name" : "East Africa Time", "offset" : "UTC+03:00", "dst" : false, "index" : "Nairobi"},
  "Africa/Monrovia" : {"name" : "Greenwich Mean Time", "offset" : "UTC", "dst" : false, "index" : "Monrovia, Reykjavik"},
  "Africa/Nairobi" : {"name" : "East Africa Time", "offset" : "UTC+03:00", "dst" : false, "index" : "Nairobi"},
  "Africa/Ndjamena" : {"name" : "West Africa Standard Time", "offset" : "UTC+01:00", "dst" : false, "index" : "West Central Africa"},
  "Africa/Niamey" : {"name" : "West Africa Standard Time", "offset" : "UTC+01:00", "dst" : false, "index" : "West Central Africa"},
  "Africa/Nouakchott" : {"name" : "Greenwich Mean Time", "offset" : "UTC", "dst" : false, "index" : "Coordinated Universal Time"},
  "Africa/Ouagadougou" : {"name" : "Greenwich Mean Time", "offset" : "UTC", "dst" : false, "index" : "Coordinated Universal Time"},
  "Africa/Porto-Novo" : {"name" : "West Africa Standard Time", "offset" : "UTC+01:00", "dst" : false, "index" : "West Central Africa"},
  "Africa/Sao_Tome" : {"name" : "Greenwich Mean Time", "offset" : "UTC", "dst" : false, "index" : "Coordinated Universal Time"},
  "Africa/Timbuktu" : {"name" : "Greenwich Mean Time", "offset" : "UTC", "dst" : false, "index" : "Coordinated Universal Time"},
  "Africa/Tripoli" : {"name" : "Eastern European Standard Time", "offset" : "UTC+02:00", "dst" : false, "index" : "Tripoli"},
  "Africa/Tunis" : {"name" : "Central European Standard Time", "offset" : "UTC+01:00", "dst" : false, "index" : "West Central Africa"},
  "Africa/Windhoek" : {"name" : "West Africa Standard Time", "offset" : "UTC+01:00", "dst" : true, "index" : "Windhoek"},


  "America/Anchorage" : {"name" : "Alaska Standard Time", "offset" : "UTC-09:00", "dst" : true, "index" : "Alaska"},
  "America/Anguilla" : {"name" : "Atlantic Standard Time", "offset" : "UTC-04:00", "dst" : false, "index" : "Atlantic Standard Time (Canada)"},
  "America/Antigua" : {"name" : "Atlantic Standard Time", "offset" : "UTC-04:00", "dst" : false, "index" : "Atlantic Standard Time (Canada)"},
  "America/Araguaina" : {"name" : "Brasilia Standard Time", "offset" : "UTC-03:00", "dst" : false, "index" : "Salvador"},
  "America/Argentina/Buenos_Aires" : {"name" : "Argentina Standard Time", "offset" : "UTC-03:00", "dst" : false, "index" : "Buenos Aires"},
  "America/Argentina/Catamarca" : {"name" : "Argentina Standard Time", "offset" : "UTC-03:00", "dst" : false, "index" : "Buenos Aires"},
  "America/Argentina/ComodRivadavia" : {"name" : "Argentina Standard Time", "offset" : "UTC-03:00", "dst" : false, "index" : "Buenos Aires"},
  "America/Argentina/Cordoba" : {"name" : "Argentina Standard Time", "offset" : "UTC-03:00", "dst" : false, "index" : "Buenos Aires"},
  "America/Argentina/Jujuy" : {"name" : "Argentina Standard Time", "offset" : "UTC-03:00", "dst" : false, "index" : "Buenos Aires"},
  "America/Argentina/La_Rioja" : {"name" : "Argentina Standard Time", "offset" : "UTC-03:00", "dst" : false, "index" : "Buenos Aires"},
  "America/Argentina/Mendoza" : {"name" : "Argentina Standard Time", "offset" : "UTC-03:00", "dst" : false, "index" : "Buenos Aires"},
  "America/Argentina/Rio_Gallegos" : {"name" : "Argentina Standard Time", "offset" : "UTC-03:00", "dst" : false, "index" : "Buenos Aires"},
  "America/Argentina/Salta" : {"name" : "Argentina Standard Time", "offset" : "UTC-03:00", "dst" : false, "index" : "Buenos Aires"},
  "America/Argentina/San_Juan" : {"name" : "Argentina Standard Time", "offset" : "UTC-03:00", "dst" : false, "index" : "Buenos Aires"},
  "America/Argentina/San_Luis" : {"name" : "Argentina Standard Time", "offset" : "UTC-03:00", "dst" : false, "index" : "Buenos Aires"},
  "America/Argentina/Tucuman" : {"name" : "Argentina Standard Time", "offset" : "UTC-03:00", "dst" : false, "index" : "Buenos Aires"},
  "America/Argentina/Ushuaia" : {"name" : "Argentina Standard Time", "offset" : "UTC-03:00", "dst" : false, "index" : "Buenos Aires"},
  "America/Aruba" : {"name" : "Atlantic Standard Time", "offset" : "UTC-04:00", "dst" : false, "index" : "Atlantic Standard Time (Canada)"},
  "America/Asuncion" : {"name" : "Paraguay Standard Time", "offset" : "UTC-04:00", "dst" : true, "index" : "Asuncion"},
  "America/Atikokan" : {"name" : "Eastern Standard Time", "offset" : "UTC-05:00", "dst" : false, "index" : "Eastern Standard Time (US & Canada)"},
  "America/Adak" : {"name" : "Hawaii-Aleutian Standard Time", "offset" : "UTC-10:00", "dst" : true, "index" : "Hawaii"},
  "America/Bahia" : {"name" : "Brasilia Standard Time", "offset" : "UTC-03:00", "dst" : false, "index" : "Salvador"},
  "America/Bahia_Banderas" : {"name" : "Central Standard Time", "offset" : "UTC-06:00", "dst" : true, "index" : "Central America"},


  "America/Barbados" : {"name" : "Atlantic Standard Time", "offset" : "UTC-04:00", "dst" : false, "index" : "Atlantic Standard Time (Canada)"},
  "America/Belem" : {"name" : "Brasilia Standard Time", "offset" : "UTC-03:00", "dst" : false, "index" : "Salvador"},
  "America/Belize" : {"name" : "Central Standard Time", "offset" : "UTC-06:00", "dst" : false, "index" : "Central Standard Time (US & Canada)"},
  "America/Blanc-Sablon" : {"name" : "Atlantic Standard Time", "offset" : "UTC-04:00", "dst" : false, "index" : "Atlantic Standard Time (Canada)"},
  "America/Boa_Vista" : {"name" : "Amazon Standard Time", "offset" : " UTC-04:00", "dst" : false, "index" : "Georgetown"},
  "America/Bogota" : {"name" : "Colombia Standard Time", "offset" : "UTC-05:00", "dst" : false, "index" : "Bogota, Lima, Quito, Rio Branco"},
  "America/Boise" : {"name" : "Mountain Standard Time", "offset" : "UTC-07:00", "dst" : true, "index" : "Mountain Daylight Time (US & Canada)"},
  "America/Buenos_Aires" : {"name" : "Argentina Standard Time", "offset" : "UTC-03:00", "dst" : false, "index" : "Buenos Aires"},
  "America/Cambridge_Bay" : {"name" : "Mountain Standard Time", "offset" : "UTC-07:00", "dst" : true, "index" : "Mountain Daylight Time (US & Canada)"},
  "America/Campo_Grande" : {"name" : "Amazon Standard Time", "offset" : "UTC-04:00", "dst" : true, "index" : "Cuiaba"},
  "America/Cancun" : {"name" : "Eastern Standard Time", "offset" : "UTC-05:00", "dst" : true, "index" : "Eastern Daylight Time (US & Canada)"},
  "America/Caracas" : {"name" : "Venezuela Time", "offset" : "UTC-04:30", "dst" : false, "index" : "Caracas"},
  "America/Catamarca" : {"name" : "Argentina Standard Time", "offset" : "UTC-03:00", "dst" : false, "index" : "Buenos Aires"},
  "America/Cayenne" : {"name" : "French Guiana Time", "offset" : "UTC-03:00", "dst" : false, "index" : "Cayenne, Fortaleza"},
  "America/Cayman" : {"name" : "Eastern Standard Time", "offset" : "UTC-05:00", "dst" : false, "index" : "Eastern Standard Time (US & Canada)"},
  "America/Chicago" : {"name" : "Central Standard Time", "offset" : "UTC-06:00", "dst" : true, "index" : "Central Daylight Time (US & Canada)"},
  "America/Chihuahua" : {"name" : "Mexican Pacific Standard Time", "offset" : "UTC-07:00", "dst" : true, "index" : "Chihuahua, La Paz, Mazatlan"},
  "America/Coral_Harbour" : {"name" : "Eastern Standard Time", "offset" : "UTC-05:00", "dst" : false, "index" : "Eastern Standard Time (US & Canada)"},
  "America/Cordoba" : {"name" : "Argentina Standard Time", "offset" : "UTC-03:00", "dst" : false, "index" : "Buenos Aires"},
  "America/Costa_Rica" : {"name" : "Central Standard Time", "offset" : "UTC-06:00", "dst" : false, "index" : "Central Standard Time (US & Canada)"},
  "America/Creston" : {"name" : "Mountain Standard Time", "offset" : "UTC-07:00", "dst" : false, "index" : "Mountain Standard Time (US & Canada)"},
  "America/Cuiaba" : {"name" : "Amazon Standard Time", "offset" : "UTC-04:00", "dst" : true, "index" : "Cuiaba"},
  "America/Curacao" : {"name" : "Atlantic Standard Time", "offset" : "UTC-04:00", "dst" : false, "index" : "Atlantic Standard Time (Canada)"},


  "America/Danmarkshavn" : {"name" : "Greenwich Mean Time", "offset" : "UTC", "dst" : false, "index" : "Coordinated Universal Time"},
  "America/Dawson" : {"name" : "Pacific Standard Time", "offset" : "UTC-08:00", "dst" : true, "index" : "Pacific Daylight Time (US & Canada)"},
  "America/Dawson_Creek" : {"name" : "Mountain Standard Time", "offset" : "UTC-07:00", "dst" : false, "index" : "Mountain Standard Time (US & Canada)"},
  "America/Denver" : {"name" : "Mountain Standard Time", "offset" : "UTC-07:00", "dst" : true, "index" : "Mountain Daylight Time (US & Canada)"},
  "America/Detroit" : {"name" : "Eastern Standard Time", "offset" : "UTC-05:00", "dst" : true, "index" : "Eastern Daylight Time (US & Canada)"},
  "America/Dominica" : {"name" : "Atlantic Standard Time", "offset" : "UTC-04:00", "dst" : false, "index" : "Atlantic Standard Time (Canada)"},
  "America/Edmonton" : {"name" : "Mountain Standard Time", "offset" : "UTC-07:00", "dst" : true, "index" : "Mountain Daylight Time (US & Canada)"},
  "America/Eirunepe" : {"name" : "Acre Standard Time", "offset" : "UTC-05:00", "dst" : false, "index" : "Bogota, Lima, Quito, Rio Branco"},
  "America/El_Salvador" : {"name" : "Central Standard Time", "offset" : "UTC-06:00", "dst" : false, "index" : "Central Standard Time (US & Canada)"},
  "America/Ensenada" : {"name" : "Pacific Standard Time", "offset" : "UTC-08:00", "dst" : true, "index" : "Pacific Daylight Time (US & Canada)"},
  "America/Fort_Wayne" : {"name" : "Eastern Standard Time", "offset" : "UTC-05:00", "dst" : true, "index" : "Indiana (East)"},
  "America/Fortaleza" : {"name" : "Brasilia Standard Time", "offset" : "UTC-03:00", "dst" : false, "index" : "Salvador"},
  "America/Glace_Bay" : {"name" : "Atlantic Standard Time", "offset" : "UTC-04:00", "dst" : true, "index" : "Atlantic Daylight Time (Canada)"},
  "America/Godthab" : {"name" : "West Greenland Standard Time", "offset" : "UTC-03:00", "dst" : false, "index" : "Greenland"},
  "America/Goose_Bay" : {"name" : "Atlantic Standard Time", "offset" : "UTC-04:00", "dst" : true, "index" : "Atlantic Daylight Time (Canada)"},
  "America/Grand_Turk" : {"name" : "Eastern Standard Time", "offset" : "UTC-05:00", "dst" : true, "index" : "Eastern Daylight Time (US & Canada)"},
  "America/Grenada" : {"name" : "Atlantic Standard Time", "offset" : "UTC-04:00", "dst" : false, "index" : "Atlantic Standard Time (Canada)"},
  "America/Guadeloupe" : {"name" : "Atlantic Standard Time", "offset" : "UTC-04:00", "dst" : false, "index" : "Atlantic Standard Time (Canada)"},
  "America/Guatemala" : {"name" : "Central Standard Time", "offset" : "UTC-06:00", "dst" : false, "index" : "Central Standard Time (US & Canada)"},
  "America/Guayaquil" : {"name" : "Ecuador Time", "offset" : "UTC-05:00", "dst" : false, "index" : "Bogota, Lima, Quito, Rio Branco"},
  "America/Guyana" : {"name" : "Guyana Time", "offset" : "UTC-04:00", "dst" : false, "index" : "Georgetown"},


  "America/Halifax" : {"name" : "Atlantic Standard Time", "offset" : "UTC-04:00", "dst" : true, "index" : "Atlantic Daylight Time (Canada)"},
  "America/Havana" : {"name" : "Cuba Standard Time", "offset" : "UTC-05:00", "dst" : true, "index" : "Eastern Daylight Time (US & Canada)"},
  "America/Hermosillo" : {"name" : "Mexican Pacific Standard Time", "offset" : "UTC-07:00", "dst" : false, "index" : "Mountain Standard Time (US & Canada)"},
  "America/Indiana/Indianapolis" : {"name" : "Eastern Standard Time", "offset" : "UTC-05:00", "dst" : true, "index" : "Indiana (East)"},
  "America/Indiana/Knox" : {"name" : "Central Standard Time", "offset" : "UTC-06:00", "dst" : true, "index" : "Central Daylight Time (US & Canada)"},
  "America/Indiana/Marengo" : {"name" : "Eastern Standard Time", "offset" : "UTC-05:00", "dst" : true, "index" : "Indiana (East)"},
  "America/Indiana/Petersburg" : {"name" : "Eastern Standard Time", "offset" : "UTC-05:00", "dst" : true, "index" : "Indiana (East)"},
  "America/Indiana/Tell_City" : {"name" : "Central Standard Time", "offset" : "UTC-06:00", "dst" : true, "index" : "Central Daylight Time (US & Canada)"},
  "America/Indiana/Vevay" : {"name" : "Eastern Standard Time", "offset" : "UTC-05:00", "dst" : true, "index" : "Indiana (East)"},
  "America/Indiana/Vincennes" : {"name" : "Eastern Standard Time", "offset" : "UTC-05:00", "dst" : true, "index" : "Indiana (East)"},
  "America/Indiana/Winamac" : {"name" : "Eastern Standard Time", "offset" : "UTC-05:00", "dst" : true, "index" : "Indiana (East)"},
  "America/Indianapolis" : {"name" : "Eastern Standard Time", "offset" : "UTC-05:00", "dst" : true, "index" : "Indiana (East)"},
  "America/Inuvik" : {"name" : "Mountain Standard Time", "offset" : "UTC-07:00", "dst" : true, "index" : "Mountain Daylight Time (US & Canada)"},
  "America/Iqaluit" : {"name" : "Eastern Standard Time", "offset" : "UTC-05:00", "dst" : true, "index" : "Eastern Daylight Time (US & Canada)"},
  "America/Jamaica" : {"name" : "Eastern Standard Time", "offset" : "UTC-05:00", "dst" : false, "index" : "Eastern Standard Time (US & Canada)"},
  "America/Jujuy" : {"name" : "Argentina Standard Time", "offset" : "UTC-03:00", "dst" : false, "index" : "Buenos Aires"},
  "America/Juneau" : {"name" : "Alaska Standard Time", "offset" : "UTC-09:00", "dst" : true, "index" : "Alaska"},
  "America/Kentucky/Louisville" : {"name" : "Eastern Standard Time", "offset" : "UTC-05:00", "dst" : true, "index" : "Eastern Daylight Time (US & Canada)"},
  "America/Kentucky/Monticello" : {"name" : "Eastern Standard Time", "offset" : "UTC-05:00", "dst" : true, "index" : "Eastern Daylight Time (US & Canada)"},
  "America/Knox_IN" : {"name" : "Central Standard Time", "offset" : "UTC-06:00", "dst" : true, "index" : "Central Daylight Time (US & Canada)"},
  "America/Kralendijk" : {"name" : "Atlantic Standard Time", "offset" : "UTC-04:00", "dst" : false, "index" : "Atlantic Standard Time (Canada)"},
  "America/La_Paz" : {"name" : "Bolivia Time", "offset" : "UTC-04:00", "dst" : false, "index" : "Georgetown"},
  "America/Lima" : {"name" : "Peru Standard Time", "offset" : "UTC-05:00", "dst" : false, "index" : "Bogota, Lima, Quito, Rio Branco"},
  "America/Los_Angeles" : {"name" : "Pacific Standard Time", "offset" : "UTC-08:00", "dst" : true, "index" : "Pacific Daylight Time (US & Canada)"},


  "America/Louisville" : {"name" : "Eastern Standard Time", "offset" : "UTC-05:00", "dst" : true, "index" : "Eastern Daylight Time (US & Canada)"},
  "America/Lower_Princes" : {"name" : "Atlantic Standard Time", "offset" : "UTC-04:00", "dst" : false, "index" : "Atlantic Standard Time (Canada)"},
  "America/Maceio" : {"name" : "Brasilia Standard Time", "offset" : "UTC-03:00", "dst" : false, "index" : "Salvador"},
  "America/Managua" : {"name" : "Central Standard Time", "offset" : "UTC-06:00", "dst" : false, "index" : "Central Standard Time (US & Canada)"},
  "America/Manaus" : {"name" : "Amazon Standard Time", "offset" : "UTC-04:00", "dst" : false, "index" : "Georgetown"},
  "America/Marigot" : {"name" : "Atlantic Standard Time", "offset" : "UTC-04:00", "dst" : false, "index" : "Atlantic Standard Time (Canada)"},
  "America/Martinique" : {"name" : "Atlantic Standard Time", "offset" : "UTC-04:00", "dst" : false, "index" : "Atlantic Standard Time (Canada)"},
  "America/Matamoros" : {"name" : "Central Standard Time", "offset" : "UTC-06:00", "dst" : true, "index" : "Guadalajara, Mexico City, Monterrey"},
  "America/Mazatlan" : {"name" : "Mexican Pacific Standard Time", "offset" : "UTC-07:00", "dst" : true, "index" : "Chihuahua, La Paz, Mazatlan"},
  "America/Mendoza" : {"name" : "Argentina Standard Time", "offset" : "UTC-03:00", "dst" : false, "index" : "Buenos Aires"},
  "America/Menominee" : {"name" : "Central Standard Time", "offset" : "UTC-06:00", "dst" : true, "index" : "Central Daylight Time (US & Canada)"},
  "America/Merida" : {"name" : "Central Standard Time", "offset" : "UTC-06:00", "dst" : true, "index" : "Guadalajara, Mexico City, Monterrey"},
  "America/Metlakatla" : {"name" : "Pacific Standard Time", "offset" : "UTC-08:00", "dst" : false, "index" : "Pacific Standard Time (US & Canada)"},
  "America/Mexico_City" : {"name" : "Central Standard Time", "offset" : "UTC-06:00", "dst" : true, "index" : "Guadalajara, Mexico City, Monterrey"},
  "America/Miquelon" : {"name" : "Saint Pierre and Miquelon Standard Time", "offset" : "UTC-03:00", "dst" : true, "index" : "Greenland"},
  "America/Moncton" : {"name" : "Atlantic Standard Time", "offset" : "UTC-04:00", "dst" : true, "index" : "Atlantic Daylight Time (Canada)"},
  "America/Monterrey" : {"name" : "Central Standard Time", "offset" : "UTC-06:00", "dst" : true, "index" : "Guadalajara, Mexico City, Monterrey"},
  "America/Montevideo" : {"name" : "Uruguay Standard Time", "offset" : "UTC-03:00", "dst" : true, "index" : "Montevideo"},
  "America/Montreal" : {"name" : "GMT-05:00", "offset" : "UTC-05:00", "dst" : true, "index" : "Eastern Daylight Time (US & Canada)"},
  "America/Montserrat" : {"name" : "Atlantic Standard Time", "offset" : "UTC-04:00", "dst" : false, "index" : "Atlantic Standard Time (Canada)"},
  "America/Nassau" : {"name" : "Eastern Standard Time", "offset" : "UTC-05:00", "dst" : true, "index" : "Eastern Daylight Time (US & Canada)"},
  "America/New_York" : {"name" : "Eastern Standard Time", "offset" : "UTC-05:00", "dst" : true, "index" : "Eastern Daylight Time (US & Canada)"},
  "America/Nipigon" : {"name" : "Eastern Standard Time", "offset" : "UTC-05:00", "dst" : true, "index" : "Eastern Daylight Time (US & Canada)"},
  "America/Nome" : {"name" : "Alaska Standard Time", "offset" : "UTC-09:00", "dst" : true, "index" : "Alaska"},


  "America/Noronha" : {"name" : "Fernando de Noronha Standard Time", "offset" : "UTC-02:00", "dst" : false, "index" : "Coordinated Universal Time-02"},
  "America/North_Dakota/Beulah" : {"name" : "Central Standard Time", "offset" : "UTC-06:00", "dst" : true, "index" : "Central Daylight Time (US & Canada)"},
  "America/North_Dakota/Center" : {"name" : "Central Standard Time", "offset" : "UTC-06:00", "dst" : true, "index" : "Central Daylight Time (US & Canada)"},
  "America/North_Dakota/New_Salem" : {"name" : "Central Standard Time", "offset" : "UTC-06:00", "dst" : true, "index" : "Central Daylight Time (US & Canada)"},
  "America/Ojinaga" : {"name" : "Mountain Standard Time", "offset" : "UTC-07:00", "dst" : true, "index" : "Mountain Daylight Time (US & Canada)"},
  "America/Panama" : {"name" : "Eastern Standard Time", "offset" : "UTC-05:00", "dst" : false, "index" : "Bogota, Lima, Quito, Rio Branco"},
  "America/Pangnirtung" : {"name" : "Eastern Standard Time", "offset" : "UTC-05:00", "dst" : false, "index" : "Bogota, Lima, Quito, Rio Branco"},
  "America/Paramaribo" : {"name" : "Suriname Time", "offset" : "UTC-03:00", "dst" : false, "index" : "Salvador"},
  "America/Phoenix" : {"name" : "Mountain Standard Time", "offset" : "UTC-07:00", "dst" : false, "index" : "Arizona"},
  "America/Port_of_Spain" : {"name" : "Atlantic Standard Time", "offset" : "UTC-04:00", "dst" : false, "index" : "Atlantic Standard Time (Canada)"},
  "America/Port-au-Prince" : {"name" : "Eastern Standard Time", "offset" : "UTC-05:00", "dst" : true, "index" : "Eastern Daylight Time (US & Canada)"},
  "America/Porto_Acre" : {"name" : "Acre Standard Time", "offset" : "UTC-05:00", "dst" : false, "index" : "Bogota, Lima, Quito, Rio Branco"},
  "America/Porto_Velho" : {"name" : "Amazon Standard Time", "offset" : "UTC-04:00", "dst" : false, "index" : "Georgetown"},
  "America/Puerto_Rico" : {"name" : "Atlantic Standard Time", "offset" : "UTC-04:00", "dst" : false, "index" : "Atlantic Standard Time (Canada)"},
  "America/Rainy_River" : {"name" : "Central Standard Time", "offset" : "UTC-06:00", "dst" : true, "index" : "Central Daylight Time (US & Canada)"},
  "America/Rankin_Inlet" : {"name" : "Central Standard Time", "offset" : "UTC-06:00", "dst" : true, "index" : "Central Daylight Time (US & Canada)"},
  "America/Recife" : {"name" : "Brasilia Standard Time", "offset" : "UTC-03:00", "dst" : false, "index" : "Salvador"},
  "America/Regina" : {"name" : "Central Standard Time", "offset" : "UTC-06:00", "dst" : false, "index" : "Saskatchewan"},
  "America/Resolute" : {"name" : "Central Standard Time", "offset" : "UTC-06:00", "dst" : true, "index" : "Central Daylight Time (US & Canada)"},
  "America/Rio_Branco" : {"name" : "Acre Standard Time", "offset" : "UTC-05:00", "dst" : false, "index" : "Bogota, Lima, Quito, Rio Branco"},
  "America/Rosario" : {"name" : "Argentina Standard Time", "offset" : "UTC-03:00", "dst" : false, "index" : "Buenos Aires"},
  "America/Santa_Isabel" : {"name" : "Northwest Mexico Standard Time", "offset" : "UTC-08:00", "dst" : true, "index" : "Baja California"},
  "America/Santarem" : {"name" : "Brasilia Standard Time", "offset" : "UTC-03:00", "dst" : false, "index" : "Salvador"},
  "America/Santiago" : {"name" : "Chile Standard Time", "offset" : "UTC-04:00", "dst" : true, "index" : "Santiago"},


  "America/Santo_Domingo" : {"name" : "Atlantic Standard Time", "offset" : "UTC-04:00", "dst" : false, "index" : "Atlantic Standard Time (Canada)"},
  "America/Sao_Paulo" : {"name" : "Brasilia Standard Time", "offset" : "UTC-03:00", "dst" : true, "index" : "Brasilia"},
  "America/Scoresbysund" : {"name" : "East Greenland Standard Time", "offset" : "UTC-01:00", "dst" : true, "index" : "Azores"},
  "America/Shiprock" : {"name" : "Mountain Standard Time", "offset" : "UTC-07:00", "dst" : true, "index" : "Mountain Daylight Time (US & Canada)"},
  "America/Sitka" : {"name" : "Alaska Standard Time", "offset" : "UTC-09:00", "dst" : true, "index" : "Alaska"},
  "America/St_Barthelemy" : {"name" : "Atlantic Standard Time", "offset" : "UTC-04:00", "dst" : false, "index" : "Atlantic Standard Time (Canada)"},
  "America/St_Johns" : {"name" : "Newfoundland Standard Time", "offset" : "UTC-03:30", "dst" : true, "index" : "Newfoundland"},
  "America/St_Kitts" : {"name" : "Atlantic Standard Time", "offset" : "UTC-04:00", "dst" : false, "index" : "Atlantic Standard Time (Canada)"},
  "America/St_Lucia" : {"name" : "Atlantic Standard Time", "offset" : "UTC-04:00", "dst" : false, "index" : "Atlantic Standard Time (Canada)"},
  "America/St_Thomas" : {"name" : "Atlantic Standard Time", "offset" : "UTC-04:00", "dst" : false, "index" : "Atlantic Standard Time (Canada)"},
  "America/St_Vincent" : {"name" : "Atlantic Standard Time", "offset" : "UTC-04:00", "dst" : false, "index" : "Atlantic Standard Time (Canada)"},
  "America/Swift_Current" : {"name" : "Central Standard Time", "offset" : "UTC-06:00", "dst" : false, "index" : "Saskatchewan"},
  "America/Tegucigalpa" : {"name" : "Central Standard Time", "offset" : "UTC-06:00", "dst" : false, "index" : "Central Standard Time (US & Canada)"},
  "America/Thule" : {"name" : "Atlantic Standard Time", "offset" : "UTC-04:00", "dst" : true, "index" : "Pacific Daylight Time (US & Canada)"},
  "America/Thunder_Bay" : {"name" : "Eastern Standard Time", "offset" : "UTC-05:00", "dst" : true, "index" : "Eastern Daylight Time (US & Canada)"},
  "America/Tijuana" : {"name" : "Pacific Standard Time", "offset" : "UTC-08:00", "dst" : true, "index" : "Pacific Daylight Time (US & Canada)"},
  "America/Toronto" : {"name" : "Eastern Standard Time", "offset" : "UTC-05:00", "dst" : true, "index" : "Eastern Daylight Time (US & Canada)"},
  "America/Tortola" : {"name" : "Atlantic Standard Time", "offset" : "UTC-04:00", "dst" : false, "index" : "Atlantic Standard Time (Canada)"},
  "America/Vancouver" : {"name" : "Pacific Standard Time", "offset" : "UTC-08:00", "dst" : true, "index" : "Pacific Daylight Time (US & Canada)"},
  "America/Virgin" : {"name" : "Atlantic Standard Time", "offset" : "UTC-04:00", "dst" : false, "index" : "Atlantic Standard Time (Canada)"},
  "America/Whitehorse" : {"name" : "Pacific Standard Time", "offset" : "UTC-08:00", "dst" : true, "index" : "Pacific Daylight Time (US & Canada)"},
  "America/Winnipeg" : {"name" : "Central Standard Time", "offset" : "UTC-06:00", "dst" : true, "index" : "Central Daylight Time (US & Canada)"},
  "America/Yakutat" : {"name" : "Alaska Standard Time", "offset" : "UTC-09:00", "dst" : true, "index" : "Alaska"},
  "America/Yellowknife" : {"name" : "Mountain Standard Time", "offset" : "UTC-07:00", "dst" : true, "index" : "Mountain Daylight Time (US & Canada)"},


  "Antarctica/Casey" : {"name" : "Australian Western Standard Time", "offset" : "UTC+08:00", "dst" : false, "index" : "Perth"},
  "Antarctica/Davis" : {"name" : "Davis Time", "offset" : "UTC+07:00", "dst" : false, "index" : "Krasnoyarsk (RTZ 6)"},
  "Antarctica/DumontDUrville" : {"name" : "Dumont-d’Urville Time", "offset" : "UTC+10:00", "dst" : false, "index" : "Magadan"},
  "Antarctica/Macquarie" : {"name" : "Macquarie Island Time", "offset" : "UTC+11:00", "dst" : false, "index" : "Solomon Is., New Caledonia"},
  "Antarctica/Mawson" : {"name" : "Mawson Time", "offset" : "UTC+05:00", "dst" : false, "index" : "Ekaterinburg (RTZ 4)"},
  "Antarctica/McMurdo" : {"name" : "New Zealand Standard Time", "offset" : "UTC+12:00", "dst" : true, "index" : "Auckland, Wellington"},
  "Antarctica/Palmer" : {"name" : "Chile Standard Time", "offset" : "UTC-03:00", "dst" : true, "index" : "Greenland"},
  "Antarctica/Rothera" : {"name" : "Rothera Time", "offset" : "UTC-03:00", "dst" : true, "index" : "Greenland"},
  "Antarctica/South_Pole" : {"name" : "New Zealand Standard Time", "offset" : "UTC+12:00", "dst" : true, "index" : "Auckland, Wellington"},
  "Antarctica/Syowa" : {"name" : "Syowa Time", "offset" : "UTC+03:00", "dst" : false, "index" : "Nairobi"},
  "Antarctica/Troll" : {"name" : "Greenwich Mean Time", "offset" : "UTC", "dst" : false, "index" : "Coordinated Universal Time"},
  "Antarctica/Vostok" : {"name" : "Vostok Time", "offset" : "UTC+06:00", "dst" : false, "index" : "Novosibirsk (RTZ 5)"},
  "Arctic/Longyearbyen" : {"name" : "Central European Standard Time", "offset" : "UTC+01:00", "dst" : true, "index" : "Amsterdam, Berlin, Bern, Rome, Stockholm, Vienna"},
  "Asia/Aden" : {"name" : "Arabian Standard Time", "offset" : "UTC+03:00", "dst" : false, "index" : "Kuwait, Riyadh"},
  "Asia/Almaty" : {"name" : "East Kazakhstan Time", "offset" : "UTC+06:00", "dst" : false, "index" : "Astana"},
  "Asia/Amman" : {"name" : "Eastern European Standard Time", "offset" : "UTC+02:00", "dst" : true, "index" : "Amman"},
  "Asia/Anadyr" : {"name" : "Magadan Standard Time", "offset" : "UTC+12:00", "dst" : false, "index" : "Anadyr, Petropavlovsk-Kamchatsky (RTZ 11)"},
  "Asia/Aqtau" : {"name" : "West Kazakhstan Time", "offset" : "UTC+05:00", "dst" : false, "index" : "Islamabad, Karachi"},
  "Asia/Aqtobe" : {"name" : "West Kazakhstan Time", "offset" : "UTC+05:00", "dst" : false, "index" : "Islamabad, Karachi"},
  "Asia/Ashgabat" : {"name" : "Turkmenistan Standard Time", "offset" : "UTC+05:00", "dst" : false, "index" : "Ashgabat, Tashkent"},
  "Asia/Ashkhabad" : {"name" : "Turkmenistan Standard Time", "offset" : "UTC+05:00", "dst" : false, "index" : "Ashgabat, Tashkent"},
  "Asia/Baghdad" : {"name" : "Arabian Standard Time", "offset" : "UTC+03:00", "dst" : false, "index" : "Baghdad"},
  "Asia/Baku" : {"name" : "Azerbaijan Standard Time", "offset" : "UTC+04:00", "dst" : true, "index" : "Baku"},
  "Asia/Bangkok" : {"name" : "Indochina Time", "offset" : "UTC+07:00", "dst" : false, "index" : "Bangkok, Hanoi, Jakarta"},
  "Asia/Beirut" : {"name" : "Eastern European Standard Time", "offset" : "UTC+02:00", "dst" : true, "index" : "Beirut"},
  "Asia/Bishkek" : {"name" : "Kyrgystan Time", "offset" : "UTC+06:00", "dst" : false, "index" : "Astana"},
  "Asia/Brunei" : {"name" : "Brunei Darussalam Time", "offset" : "UTC+08:00", "dst" : false, "index" : "Kuala Lumpur, Singapore"},


  "Asia/Calcutta" : {"name" : "India Standard Time", "offset" : "UTC+05:00", "dst" : false, "index" : "Islamabad, Karachi"},
  "Asia/Chita" : {"name" : "Yakutsk Standard Time", "offset" : "UTC+09:00", "dst" : false, "index" : "Yakutsk (RTZ 8)"},
  "Asia/Choibalsan" : {"name" : "Choibalsan Standard Time", "offset" : "UTC+08:00", "dst" : false, "index" : "Ulaanbaatar"},
  "Asia/Chongqing" : {"name" : "China Standard Time", "offset" : "UTC+08:00", "dst" : false, "index" : "Beijing, Chongqing, Hong Kong, Urumqi"},
  "Asia/Chungking" : {"name" : "China Standard Time", "offset" : "UTC+08:00", "dst" : false, "index" : "Beijing, Chongqing, Hong Kong, Urumqi"},
  "Asia/Colombo" : {"name" : "India Standard Time", "offset" : "UTC+05:30", "dst" : false, "index" : "Sri Jayawardenepura"},
  "Asia/Dacca" : {"name" : "Bangladesh Standard Time", "offset" : "UTC+06:00", "dst" : false, "index" : "Dhaka"},
  "Asia/Damascus" : {"name" : "Eastern European Standard Time", "offset" : "UTC+02:00", "dst" : true, "index" : "Damascus"},
  "Asia/Dhaka" : {"name" : "Bangladesh Standard Time", "offset" : "UTC+06:00", "dst" : false, "index" : "Dhaka"},
  "Asia/Dili" : {"name" : "East Timor Time", "offset" : "UTC+09:00", "dst" : false, "index" : "Osaka, Sapporo, Tokyo"},
  "Asia/Dubai" : {"name" : "Gulf Standard Time", "offset" : "UTC+04:00", "dst" : false, "index" : "Abu Dhabi, Muscat"},
  "Asia/Dushanbe" : {"name" : "Tajikistan Time", "offset" : "UTC+05:00", "dst" : false, "index" : "Islamabad, Karachi"},
  "Asia/Gaza" : {"name" : "Eastern European Standard Time", "offset" : "UTC+02:00", "dst" : true, "index" : "Jerusalem"},
  "Asia/Hanoi" : {"name" : "GMT+07:00", "offset" : "UTC+07:00", "dst" : false, "index" : "Bangkok, Hanoi, Jakarta"},
  "Asia/Harbin" : {"name" : "China Standard Time", "offset" : "UTC+08:00", "dst" : false, "index" : "Beijing, Chongqing, Hong Kong, Urumqi"},
  "Asia/Hebron" : {"name" : "Eastern European Standard Time", "offset" : "UTC+02:00", "dst" : true, "index" : "Jerusalem"},
  "Asia/Ho_Chi_Minh" : {"name" : "Indochina Time", "offset" : "UTC+07:00", "dst" : false, "index" : "Bangkok, Hanoi, Jakarta"},
  "Asia/Hong_Kong" : {"name" : "Hong Kong Standard Time", "offset" : "UTC+08:00", "dst" : false, "index" : "Beijing, Chongqing, Hong Kong, Urumqi"},
  "Asia/Hovd" : {"name" : "Hovd Standard Time", "offset" : "UTC+07:00", "dst" : false, "index" : "Bangkok, Hanoi, Jakarta"},
  "Asia/Irkutsk" : {"name" : "Irkutsk Standard Time", "offset" : "UTC+08:00", "dst" : false, "index" : "Irkutsk (RTZ 7)"},
  "Asia/Istanbul" : {"name" : "Eastern European Standard Time", "offset" : "UTC+02:00", "dst" : true, "index" : "Istanbul"},
  "Asia/Jakarta" : {"name" : "Western Indonesia Time", "offset" : "UTC+07:00", "dst" : false, "index" : "Bangkok, Hanoi, Jakarta"},
  "Asia/Jayapura" : {"name" : "Eastern Indonesia Time", "offset" : "UTC+09:00", "dst" : false, "index" : "Osaka, Sapporo, Tokyo"},
  "Asia/Jerusalem" : {"name" : "Eastern European Standard Time", "offset" : "UTC+02:00", "dst" : true, "index" : "Jerusalem"},


  "Asia/Kabul" : {"name" : "Afghanistan Time", "offset" : "UTC+04:30", "dst" : false, "index" : "Kabul"},
  "Asia/Kamchatka" : {"name" : "Petropavlovsk-Kamchatski Standard Time", "offset" : "UTC+12:00", "dst" : false, "index" : "Anadyr, Petropavlovsk-Kamchatsky (RTZ 11)"},
  "Asia/Karachi" : {"name" : "Pakistan Standard Time", "offset" : "UTC+05:00", "dst" : false, "index" : "Islamabad, Karachi"},
  "Asia/Kashgar" : {"name" : "GMT+06:00", "offset" : "UTC+06:00", "dst" : false, "index" : "Dhaka"},
  "Asia/Kathmandu" : {"name" : "Nepal Time", "offset" : "UTC+05:45", "dst" : false, "index" : "Kathmandu"},
  "Asia/Khandyga" : {"name" : "Yakutsk Standard Time", "offset" : "UTC+09:00", "dst" : false, "index" : "Yakutsk (RTZ 8)"},
  "Asia/Kolkata" : {"name" : "India Standard Time", "offset" : "UTC+05:30", "dst" : false, "index" : "Chennai, Kolkata, Mumbai, New Delhi"},
  "Asia/Krasnoyarsk" : {"name" : "Krasnoyarsk Standard Time", "offset" : "UTC+07:00", "dst" : false, "index" : "Krasnoyarsk (RTZ 6)"},
  "Asia/Kuala_Lumpur" : {"name" : "Malaysia Time", "offset" : "UTC+08:00", "dst" : false, "index" : "Kuala Lumpur, Singapore"},
  "Asia/Kuching" : {"name" : "Malaysia Time", "offset" : "UTC+08:00", "dst" : false, "index" : "Kuala Lumpur, Singapore"},
  "Asia/Kuwait" : {"name" : "Arabian Standard Time", "offset" : "UTC+03:00", "dst" : false, "index" : "Kuwait, Riyadh"},
  "Asia/Macao" : {"name" : "China Standard Time", "offset" : "UTC+08:00", "dst" : false, "index" : "Beijing, Chongqing, Hong Kong, Urumqi"},
  "Asia/Macau" : {"name" : "China Standard Time", "offset" : "UTC+08:00", "dst" : false, "index" : "Beijing, Chongqing, Hong Kong, Urumqi"},
  "Asia/Magadan" : {"name" : "Magadan Standard Time", "offset" : "UTC+10:00", "dst" : false, "index" : "Magadan"},
  "Asia/Makassar" : {"name" : "Central Indonesia Time", "offset" : "UTC+08:00", "dst" : false, "index" : "Kuala Lumpur, Singapore"},
  "Asia/Manila" : {"name" : "Philippine Standard Time", "offset" : "UTC+08:00", "dst" : false, "index" : "Kuala Lumpur, Singapore"},
  "Asia/Muscat" : {"name" : "Gulf Standard Time", "offset" : "UTC+04:00", "dst" : false, "index" : "Abu Dhabi, Muscat"},
  "Asia/Nicosia" : {"name" : "Eastern European Standard Time", "offset" : "UTC+02:00", "dst" : true, "index" : "Istanbul"},
  "Asia/Novokuznetsk" : {"name" : "Krasnoyarsk Standard Time", "offset" : "UTC+07:00", "dst" : false, "index" : "Krasnoyarsk (RTZ 6)"},
  "Asia/Novosibirsk" : {"name" : "Novosibirsk Standard Time", "offset" : "UTC+06:00", "dst" : false, "index" : "Novosibirsk (RTZ 5)"},
  "Asia/Omsk" : {"name" : "Omsk Standard Time", "offset" : "UTC+06:00", "dst" : false, "index" : "Novosibirsk (RTZ 5)"},
  "Asia/Oral" : {"name" : "West Kazakhstan Time", "offset" : "UTC+05:00", "dst" : false, "index" : "Islamabad, Karachi"},
  "Asia/Phnom_Penh" : {"name" : "Indochina Time", "offset" : "UTC+07:00", "dst" : false, "index" : "Bangkok, Hanoi, Jakarta"},
  "Asia/Pontianak" : {"name" : "Western Indonesia Time", "offset" : "UTC+07:00", "dst" : false, "index" : "Bangkok, Hanoi, Jakarta"},
  "Asia/Pyongyang" : {"name" : "Korean Standard Time", "offset" : "UTC+09:00", "dst" : false, "index" : "Seoul"},
  "Asia/Qatar" : {"name" : "Arabian Standard Time", "offset" : "UTC+03:00", "dst" : false, "index" : "Kuwait, Riyadh"},
  "Asia/Qyzylorda" : {"name" : "East Kazakhstan Time", "offset" : "UTC+06:00", "dst" : false, "index" : "Astana"},
  "Asia/Rangoon" : {"name" : "Myanmar Time", "offset" : "UTC+06:30", "dst" : false, "index" : "Yangon (Rangoon)"},
  "Asia/Riyadh" : {"name" : "Arabian Standard Time", "offset" : "UTC+03:00", "dst" : false, "index" : "Kuwait, Riyadh"},


  "Asia/Saigon" : {"name" : "Indochina Time", "offset" : "UTC+07:00", "dst" : false, "index" : "Bangkok, Hanoi, Jakarta"},
  "Asia/Sakhalin" : {"name" : "Sakhalin Standard Time", "offset" : "UTC+10:00", "dst" : false, "index" : "Magadan"},
  "Asia/Samarkand" : {"name" : "Uzbekistan Standard Time", "offset" : "UTC+05:00", "dst" : false, "index" : "Ashgabat, Tashkent"},
  "Asia/Seoul" : {"name" : "Korean Standard Time", "offset" : "UTC+09:00", "dst" : false, "index" : "Seoul"},
  "Asia/Shanghai" : {"name" : "China Standard Time", "offset" : "UTC+08:00", "dst" : false, "index" : "Beijing, Chongqing, Hong Kong, Urumqi"},
  "Asia/Singapore" : {"name" : "Singapore Standard Time", "offset" : "UTC+08:00", "dst" : false, "index" : "Kuala Lumpur, Singapore"},
  "Asia/Srednekolymsk" : {"name" : "GMT+11:00", "offset" : "UTC+11:00", "dst" : false, "index" : "Chokurdakh (RTZ 10)"},
  "Asia/Taipei" : {"name" : "Taipei Standard Time", "offset" : "UTC+08:00", "dst" : false, "index" : "Taipei"},
  "Asia/Tashkent" : {"name" : "Uzbekistan Standard Time", "offset" : "UTC+05:00", "dst" : false, "index" : "Ashgabat, Tashkent"},
  "Asia/Tbilisi" : {"name" : "Georgia Standard Time", "offset" : "UTC+04:00", "dst" : false, "index" : "Tbilisi"},
  "Asia/Tehran" : {"name" : "Iran Standard Time", "offset" : "UTC+03:30", "dst" : true, "index" : "Tehran"},
  "Asia/Tel_Aviv" : {"name" : "Israel Standard Time", "offset" : "UTC+02:00", "dst" : true, "index" : "Jerusalem"},
  "Asia/Thimbu" : {"name" : "Bhutan Time", "offset" : "UTC+06:00", "dst" : false, "index" : "Dhaka"},
  "Asia/Thimphu" : {"name" : "Bhutan Time", "offset" : "UTC+06:00", "dst" : false, "index" : "Dhaka"},
  "Asia/Tokyo" : {"name" : "Japan Standard Time", "offset" : "UTC+09:00", "dst" : false, "index" : "Osaka, Sapporo, Tokyo"},
  "Asia/Ujung_Pandang" : {"name" : "Central Indonesia Time", "offset" : "UTC+08:00", "dst" : false, "index" : "Kuala Lumpur, Singapore"},
  "Asia/Ulaanbaatar" : {"name" : "Ulan Bator Standard Time", "offset" : "UTC+08:00", "dst" : false, "index" : "Ulaanbaatar"},
  "Asia/Ulan_Bator" : {"name" : "Ulan Bator Standard Time", "offset" : "UTC+08:00", "dst" : false, "index" : "Ulaanbaatar"},
  "Asia/Urumqi" : {"name" : "GMT+06:00", "offset" : "UTC+06:00", "dst" : false, "index" : "Dhaka"},
  "Asia/Ust-Nera" : {"name" : "Vladivostok Standard Time", "offset" : "UTC+10:00", "dst" : false, "index" : "Vladivostok, Magadan (RTZ 9)"},
  "Asia/Vientiane" : {"name" : "Indochina Time", "offset" : "UTC+07:00", "dst" : false, "index" : "Bangkok, Hanoi, Jakarta"},
  "Asia/Vladivostok" : {"name" : "Vladivostok Standard Time", "offset" : "UTC+10:00", "dst" : false, "index" : "Vladivostok, Magadan (RTZ 9)"},
  "Asia/Yakutsk" : {"name" : "Yakutsk Standard Time", "offset" : "UTC+09:00", "dst" : false, "index" : "Yakutsk (RTZ 8)"},
  "Asia/Yekaterinburg" : {"name" : "Yekaterinburg Standard Time", "offset" : "UTC+05:00", "dst" : false, "index" : "Ekaterinburg (RTZ 4)"},
  "Asia/Yerevan" : {"name" : "Armenia Standard Time", "offset" : "UTC+04:00", "dst" : false, "index" : "Yerevan"},
  "Atlantic/Azores" : {"name" : "Azores Standard Time", "offset" : "UTC-01:00", "dst" : true, "index" : "Azores"},
  "Atlantic/Bermuda" : {"name" : "Atlantic Standard Time", "offset" : "UTC-04:00", "dst" : true, "index" : "Atlantic Daylight Time (Canada)"},
  "Atlantic/Canary" : {"name" : "Western European Standard Time", "offset" : "UTC", "dst" : true, "index" : "Casablanca"},
  "Atlantic/Cape_Verde" : {"name" : "Cape Verde Standard Time", "offset" : "UTC-01:00", "dst" : false, "index" : "Cabo Verde Is."},
  "Atlantic/Faeroe" : {"name" : "Western European Standard Time", "offset" : "UTC", "dst" : true, "index" : "Casablanca"},
  "Atlantic/Faroe" : {"name" : "Western European Standard Time", "offset" : "UTC", "dst" : true, "index" : "Casablanca"},
  "Atlantic/Jan_Mayen" : {"name" : "Central European Standard Time", "offset" : "UTC+01:00", "dst" : true, "index" : "Amsterdam, Berlin, Bern, Rome, Stockholm, Vienna"},


  "Atlantic/Madeira" : {"name" : "Western European Standard Time", "offset" : "UTC", "dst" : true, "index" : "Casablanca"},
  "Atlantic/Reykjavi" : {"name" : "Greenwich Mean Time", "offset" : "UTC", "dst" : false, "index" : "Coordinated Universal Time"},
  "Atlantic/South_Georgia" : {"name" : "South Georgia Time", "offset" : "UTC-02:00", "dst" : false, "index" : "Coordinated Universal Time-02"},
  "Atlantic/St_Helena" : {"name" : "Greenwich Mean Time", "offset" : "UTC", "dst" : false, "index" : "Coordinated Universal Time"},
  "Atlantic/Stanley" : {"name" : "Falkland Islands Standard Time", "offset" : "UTC-03:00", "dst" : false, "index" : "Buenos Aires"},
  "Australia/ACT" : {"name" : "Australian Eastern Standard Time", "offset" : "UTC+10:00", "dst" : true, "index" : "Canberra, Melbourne, Sydney"},
  "Australia/Adelaide" : {"name" : "Australian Central Standard Time", "offset" : "UTC+09:30", "dst" : true, "index" : "Adelaide"},
  "Australia/Brisbane" : {"name" : "Australian Eastern Standard Time", "offset" : "UTC+10:00", "dst" : false, "index" : "Brisbane"},
  "Australia/Broken_Hill" : {"name" : "Australian Central Standard Time", "offset" : "UTC+09:00", "dst" : true, "index" : "Canberra, Melbourne, Sydney"},
  "Australia/Canberra" : {"name" : "Australian Eastern Standard Time", "offset" : "UTC+10:00", "dst" : true, "index" : "Canberra, Melbourne, Sydney"},
  "Australia/Currie" : {"name" : "Australian Eastern Standard Time", "offset" : "UTC+10:00", "dst" : true, "index" : "Canberra, Melbourne, Sydney"},
  "Australia/Darwin" : {"name" : "Australian Central Standard Time", "offset" : "UTC+09:30", "dst" : false, "index" : "Darwin"},
  "Australia/Eucla" : {"name" : "Australian Central Western Standard Time", "offset" : "UTC+08:00", "dst" : false, "index" : "Perth"},
  "Australia/Hobart" : {"name" : "Australian Eastern Standard Time", "offset" : "UTC+10:00", "dst" : true, "index" : "Hobart"},
  "Australia/LHI" : {"name" : "Lord Howe Standard Time", "offset" : "UTC+10:00", "dst" : true, "index" : "Canberra, Melbourne, Sydney"},
  "Australia/Lindeman" : {"name" : "Australian Eastern Standard Time", "offset" : "UTC+10:00", "dst" : false, "index" : "Brisbane"},
  "Australia/Lord_Howe" : {"name" : "Lord Howe Standard Time", "offset" : "UTC+10:00", "dst" : true, "index" : "Canberra, Melbourne, Sydney"},
  "Australia/Melbourne" : {"name" : "Australian Eastern Standard Time", "offset" : "UTC+10:00", "dst" : true, "index" : "Canberra, Melbourne, Sydney"},
  "Australia/North" : {"name" : "Australian Central Standard Time", "offset" : "UTC+09:30", "dst" : false, "index" : "Darwin"},
  "Australia/NSW" : {"name" : "Australian Eastern Standard Time", "offset" : "UTC+10:00", "dst" : true, "index" : "Canberra, Melbourne, Sydney"},
  "Australia/Perth" : {"name" : "Australian Western Standard Time", "offset" : "UTC+08:00", "dst" : false, "index" : "Perth"},
  "Australia/Queensland" : {"name" : "Australian Eastern Standard Time", "offset" : "UTC+10:00", "dst" : false, "index" : "Brisbane"},
  "Australia/South" : {"name" : "Australian Central Standard Time", "offset" : "UTC+09:30", "dst" : true, "index" : "Adelaide"},
  "Australia/Sydney" : {"name" : "Australian Eastern Standard Time", "offset" : "UTC+10:00", "dst" : true, "index" : "Canberra, Melbourne, Sydney"},
  "Australia/Tasmania" : {"name" : "Australian Eastern Standard Time", "offset" : "UTC+10:00", "dst" : true, "index" : "Canberra, Melbourne, Sydney"},
  "Australia/Victoria" : {"name" : "Australian Eastern Standard Time", "offset" : "UTC+10:00", "dst" : true, "index" : "Canberra, Melbourne, Sydney"},
  "Australia/West" : {"name" : "Australian Western Standard Time", "offset" : "UTC+08:00", "dst" : false, "index" : "Perth"},
  "Australia/Yancowinna" : {"name" : "Australian Central Standard Time", "offset" : "UTC+09:30", "dst" : true, "index" : "Adelaide"},
  "Brazil/Acre" : {"name" : "Acre Standard Time", "offset" : "UTC-05:00", "dst" : true, "index" : "Bogota, Lima, Quito, Rio Branco"},
  "Brazil/DeNoronha" : {"name" : "Fernando de Noronha Standard Time", "offset" : "UTC-02:00", "dst" : false, "index" : "Coordinated Universal Time-02"},
  "Brazil/East" : {"name" : "Brasilia Standard Time", "offset" : "UTC-03:00", "dst" : true, "index" : "Brasilia"},


  "Brazil/West" : {"name" : "Amazon Standard Time", "offset" : "UTC-04:00", "dst" : false, "index" : "Georgetown"},
  "Canada/Atlantic" : {"name" : "Atlantic Standard Time", "offset" : "UTC-04:00", "dst" : true, "index" : "Atlantic Daylight Time (Canada)"},
  "Canada/Central" : {"name" : "Central Standard Time", "offset" : "UTC-06:00", "dst" : true, "index" : "Central Daylight Time (US & Canada)"},
  "Canada/East-Saskatchewan" : {"name" : "Central Standard Time", "offset" : "UTC-06:00", "dst" : false, "index" : "Saskatchewan"},
  "Canada/Eastern" : {"name" : "Eastern Standard Time", "offset" : "UTC-05:00", "dst" : true, "index" : "Eastern Daylight Time (US & Canada)"},
  "Canada/Mountain" : {"name" : "Mountain Standard Time", "offset" : " UTC-07:00", "dst" : true, "index" : "Mountain Daylight Time (US & Canada)"},
  "Canada/Newfoundland" : {"name" : "Newfoundland Standard Time", "offset" : "UTC-03:30", "dst" : true, "index" : "Newfoundland"},
  "Canada/Pacific" : {"name" : "Pacific Standard Time", "offset" : "UTC-08:00", "dst" : true, "index" : "Pacific Daylight Time (US & Canada)"},
  "Canada/Saskatchewan" : {"name" : "Central Standard Time", "offset" : "UTC-06:00", "dst" : false, "index" : "Saskatchewan"},
  "Canada/Yukon" : {"name" : "Pacific Standard Time", "offset" : "UTC-08:00", "dst" : true, "index" : "Pacific Daylight Time (US & Canada)"},
  "CET" : {"name" : "GMT+01:00", "offset" : "UTC+01:00", "dst" : true, "index" : "Brussels, Copenhagen, Madrid, Paris"},
  "Chile/Continental" : {"name" : "Chile Standard Time", "offset" : "UTC-03:00", "dst" : false, "index" : "Salvador"},
  "Chile/EasterIsland" : {"name" : "Easter Island Standard Time", "offset" : "UTC-05:00", "dst" : true, "index" : "Eastern Daylight Time (US & Canada)"},
  "CST6CDT" : {"name" : "Central Standard Time", "offset" : "UTC-06:00", "dst" : true, "index" : "Central Daylight Time (US & Canada)"},
  "Cuba" : {"name" : "Cuba Standard Time", "offset" : "UTC-05:00", "dst" : true, "index" : "Bogota, Lima, Quito, Rio Branco"},
  "EET" : {"name" : "GMT+02:00", "offset" : "UTC+02:00", "dst" : true, "index" : "E. Europe"},
  "Egypt" : {"name" : "Eastern European Standard Time", "offset" : "UTC+02:00", "dst" : false, "index" : "Cairo"},
  "Eire" : {"name" : "Greenwich Mean Time", "offset" : "UTC", "dst" : false, "index" : "Coordinated Universal Time"},
  "EST" : {"name" : "GMT-05:00", "offset" : "UTC-05:00", "dst" : true, "index" : "Eastern Daylight Time (US & Canada)"},
  "EST5EDT" : {"name" : "Eastern Standard Time", "offset" : "UTC-05:00", "dst" : true, "index" : "Eastern Daylight Time (US & Canada)"},
  "Etc/GMT" : {"name" : "GMT+00:00", "offset" : "UTC", "dst" : false, "index" : "Coordinated Universal Time"},
  "Etc/GMT-0" : {"name" : "GMT+00:00", "offset" : "UTC", "dst" : false, "index" : "Coordinated Universal Time"},
  "Etc/GMT-1" : {"name" : "GMT+01:00", "offset" : "UTC+01:00", "dst" : true, "index" : "Brussels, Copenhagen, Madrid, Paris"},
  "Etc/GMT-10" : {"name" : "GMT+10:00", "offset" : "UTC+10:00", "dst" : false, "index" : "Brisbane"},
  "Etc/GMT-11" : {"name" : "GMT+11:00", "offset" : "UTC+11:00", "dst" : false, "index" : "Solomon Is., New Caledonia"},
  "Etc/GMT-12" : {"name" : "GMT+12:00", "offset" : "UTC+12:00", "dst" : false, "index" : "Coordinated Universal Time+12"},


  "Etc/GMT-13" : {"name" : "GMT+13:00", "offset" : "UTC+13:00", "dst" : false, "index" : "Nuku'alofa"},
  "Etc/GMT-14" : {"name" : "GMT+14:00", "offset" : "UTC+14:00", "dst" : false, "index" : "Kiritimati Island"},
  "Etc/GMT-2" : {"name" : "GMT+02:00", "offset" : "UTC+02:00", "dst" : true, "index" : "E. Europe"},
  "Etc/GMT-3" : {"name" : "GMT+03:00", "offset" : "UTC+03:00", "dst" : false, "index" : "Moscow, St. Petersburg, Volgograd (RTZ 2)"},
  "Etc/GMT-4" : {"name" : "GMT+04:00", "offset" : "UTC+04:00", "dst" : false, "index" : "Abu Dhabi, Muscat"},
  "Etc/GMT-5" : {"name" : "GMT+05:00", "offset" : "UTC+05:00", "dst" : false, "index" : "Islamabad, Karachi"},
  "Etc/GMT-6" : {"name" : "GMT+06:00", "offset" : "UTC+06:00", "dst" : false, "index" : "Dhaka"},
  "Etc/GMT-7" : {"name" : "GMT+07:00", "offset" : "UTC+07:00", "dst" : false, "index" : "Bangkok, Hanoi, Jakarta"},
  "Etc/GMT-8" : {"name" : "GMT+08:00", "offset" : "UTC+08:00", "dst" : false, "index" : "Beijing, Chongqing, Hong Kong, Urumqi"},
  "Etc/GMT-9" : {"name" : "GMT+09:00", "offset" : "UTC+09:00", "dst" : false, "index" : "Osaka, Sapporo, Tokyo"},
  "Etc/GMT+0" : {"name" : "GMT+00:00", "offset" : "UTC", "dst" : false, "index" : "Coordinated Universal Time"},
  "Etc/GMT+1" : {"name" : "GMT-01:00", "offset" : "UTC-01:00", "dst" : false, "index" : "Cabo Verde Is."},
  "Etc/GMT+10" : {"name" : "GMT-10:00", "offset" : "UTC-10:00", "dst" : false, "index" : "Hawaii"},
  "Etc/GMT+11" : {"name" : "GMT-11:00", "offset" : "UTC-11:00", "dst" : false, "index" : "Coordinated Universal Time-11"},
  "Etc/GMT+12" : {"name" : "GMT-12:00", "offset" : "UTC-12:00", "dst" : false, "index" : "International Date Line West"},
  "Etc/GMT+2" : {"name" : "GMT-02:00", "offset" : "UTC-02:00", "dst" : false, "index" : "Coordinated Universal Time-02"},
  "Etc/GMT+3" : {"name" : "GMT-03:00", "offset" : "UTC-03:00", "dst" : false, "index" : "Salvador"},
  "Etc/GMT+4" : {"name" : "GMT-04:00", "offset" : "UTC-04:00", "dst" : false, "index" : "Atlantic Standard Time (Canada)"},
  "Etc/GMT+5" : {"name" : "GMT-05:00", "offset" : "UTC-05:00", "dst" : false, "index" : "Eastern Standard Time (US & Canada)"},
  "Etc/GMT+6" : {"name" : "GMT-06:00", "offset" : "UTC-06:00", "dst" : false, "index" : "Central Standard Time (US & Canada)"},
  "Etc/GMT+7" : {"name" : "GMT-07:00", "offset" : "UTC-07:00", "dst" : false, "index" : "Mountain Standard Time (US & Canada)"},
  "Etc/GMT+8" : {"name" : "GMT-08:00", "offset" : "UTC-08:00", "dst" : false, "index" : "Pacific Standard Time (US & Canada)"},
  "Etc/GMT+9" : {"name" : "GMT-09:00", "offset" : "UTC-09:00", "index" : "Alaska"},
  "Etc/GMT0" : {"name" : "GMT+00:00", "offset" : "UTC", "dst" : false, "index" : "Coordinated Universal Time"},
  "Etc/Greenwich" : {"name" : "GMT+00:00", "offset" : "UTC", "dst" : false, "index" : "Coordinated Universal Time"},
  "Etc/UCT" : {"name" : "UTC", "offset" : "UTC", "dst" : false, "index" : "Coordinated Universal Time"},
  "Etc/Universal" : {"name" : "UTC", "offset" : "UTC", "dst" : false, "index" : "Coordinated Universal Time"},
  "Etc/UTC" : {"name" : "UTC", "offset" : "UTC", "dst" : false, "index" : "Coordinated Universal Time"},
  "Etc/Zulu" : {"name" : "UTC", "offset" : "UTC", "dst" : false, "index" : "Coordinated Universal Time"},


  "Europe/Amsterdam" : {"name" : "Central European Standard Time", "offset" : "UTC+01:00", "dst" : true, "index" : "Amsterdam, Berlin, Bern, Rome, Stockholm, Vienna"},
  "Europe/Andorra" : {"name" : "Central European Standard Time", "offset" : "UTC+01:00", "dst" : true, "index" : "Brussels, Copenhagen, Madrid, Paris"},
  "Europe/Athens" : {"name" : "Eastern European Standard Time", "offset" : "UTC+02:00", "dst" : true, "index" : "Athens, Bucharest"},
  "Europe/Belfast" : {"name" : "Greenwich Mean Time", "offset" : "UTC", "dst" : true, "index" : "Dublin, Edinburgh, Lisbon, London"},
  "Europe/Belgrade" : {"name" : "Central European Standard Time", "offset" : "UTC+01:00", "dst" : true, "index" : "Belgrade, Bratislava, Budapest, Ljubljana, Prague"},
  "Europe/Berlin" : {"name" : "Central European Standard Time", "offset" : "UTC+01:00", "dst" : true, "index" : "Amsterdam, Berlin, Bern, Rome, Stockholm, Vienna"},
  "Europe/Bratislava" : {"name" : "Central European Standard Time", "offset" : "UTC+01:00", "dst" : true, "index" : "Belgrade, Bratislava, Budapest, Ljubljana, Prague"},
  "Europe/Brussels" : {"name" : "Central European Standard Time", "offset" : "UTC+01:00", "dst" : true, "index" : "Brussels, Copenhagen, Madrid, Paris"},
  "Europe/Bucharest" : {"name" : "Eastern European Standard Time", "offset" : "UTC+02:00", "dst" : true, "index" : "Athens, Bucharest"},
  "Europe/Budapest" : {"name" : "Central European Standard Time", "offset" : "UTC+01:00", "dst" : true, "index" : "Belgrade, Bratislava, Budapest, Ljubljana, Prague"},
  "Europe/Busingen" : {"name" : "Central European Standard Time", "offset" : "UTC+01:00", "dst" : true, "index" : "Amsterdam, Berlin, Bern, Rome, Stockholm, Vienna"},
  "Europe/Chisinau" : {"name" : "Eastern European Standard Time", "offset" : "UTC+02:00", "dst" : true, "index" : "E. Europe"},
  "Europe/Copenhagen" : {"name" : "Central European Standard Time", "offset" : "UTC+01:00", "dst" : true, "index" : "Brussels, Copenhagen, Madrid, Paris"},
  "Europe/Dublin" : {"name" : "Greenwich Mean Time", "offset" : "UTC", "dst" : true, "index" : "Dublin, Edinburgh, Lisbon, London"},
  "Europe/Gibraltar" : {"name" : "Central European Standard Time", "offset" : "UTC+01:00", "dst" : true, "index" : "Brussels, Copenhagen, Madrid, Paris"},
  "Europe/Guernsey" : {"name" : "Greenwich Mean Time", "offset" : "UTC", "dst" : true, "index" : "Dublin, Edinburgh, Lisbon, London"},
  "Europe/Helsinki" : {"name" : "Eastern European Standard Time", "offset" : "UTC+02:00", "dst" : true, "index" : "Helsinki, Kyiv, Riga, Sofia, Tallinn, Vilnius"},
  "Europe/Isle_of_Man" : {"name" : "Greenwich Mean Time", "offset" : "UTC", "dst" : true, "index" : "Dublin, Edinburgh, Lisbon, London"},
  "Europe/Istanbul" : {"name" : "Eastern European Standard Time", "offset" : "UTC+02:00", "dst" : true, "index" : "Istanbul"},
  "Europe/Jersey" : {"name" : "Greenwich Mean Time", "offset" : "UTC", "dst" : true, "index" : "Dublin, Edinburgh, Lisbon, London"},
  "Europe/Kaliningrad" : {"name" : "Eastern European Standard Time", "offset" : "UTC+02:00", "dst" : false, "index" : "Kaliningrad (RTZ 1)"},
  "Europe/Kiev" : {"name" : "Eastern European Standard Time", "offset" : "UTC+02:00", "dst" : true, "index" : "Helsinki, Kyiv, Riga, Sofia, Tallinn, Vilnius"},
  "Europe/Lisbon" : {"name" : "Western European Standard Time", "offset" : "UTC", "dst" : true, "index" : "Dublin, Edinburgh, Lisbon, London"},


  "Europe/Ljubljana" : {"name" : "Central European Standard Time", "offset" : "UTC+01:00", "dst" : true, "index" : "Sarajevo, Skopje, Warsaw, Zagreb"},
  "Europe/London" : {"name" : "British Summer Time", "offset" : "UTC", "dst" : true, "index" : "Dublin, Edinburgh, Lisbon, London"},
  "Europe/Luxembourg" : {"name" : "Central European Standard Time", "offset" : "UTC+01:00", "dst" : true, "index" : "Brussels, Copenhagen, Madrid, Paris"},
  "Europe/Madrid" : {"name" : "Central European Standard Time", "offset" : "UTC+01:00", "dst" : true, "index" : "Brussels, Copenhagen, Madrid, Paris"},
  "Europe/Malta" : {"name" : "Central European Standard Time", "offset" : "UTC+01:00", "dst" : true, "index" : "Sarajevo, Skopje, Warsaw, Zagreb"},
  "Europe/Mariehamn" : {"name" : "Eastern European Standard Time", "offset" : "UTC+02:00", "dst" : true, "index" : "E. Europe"},
  "Europe/Minsk" : {"name" : "GMT+03:00", "offset" : "UTC+03:00", "dst" : false, "index" : "Minsk"},
  "Europe/Monaco" : {"name" : "Central European Standard Time", "offset" : "UTC+01:00", "dst" : true, "index" : "Brussels, Copenhagen, Madrid, Paris"},
  "Europe/Moscow" : {"name" : "Moscow Standard Time", "offset" : "UTC+03:00", "dst" : false, "index" : "Moscow, St. Petersburg, Volgograd (RTZ 2)"},
  "Europe/Nicosia" : {"name" : "Eastern European Standard Time", "offset" : "UTC+02:00", "dst" : true, "index" : "Istanbul"},
  "Europe/Oslo" : {"name" : "Central European Standard Time", "offset" : "UTC+01:00", "dst" : true, "index" : "Amsterdam, Berlin, Bern, Rome, Stockholm, Vienna"},
  "Europe/Paris" : {"name" : "Central European Standard Time", "offset" : "UTC+01:00", "dst" : true, "index" : "Brussels, Copenhagen, Madrid, Paris"},
  "Europe/Podgorica" : {"name" : "Central European Standard Time", "offset" : "UTC+01:00", "dst" : true, "index" : "Sarajevo, Skopje, Warsaw, Zagreb"},
  "Europe/Prague" : {"name" : "Central European Standard Time", "offset" : "UTC+01:00", "dst" : true, "index" : "Belgrade, Bratislava, Budapest, Ljubljana, Prague"},
  "Europe/Riga" : {"name" : "Eastern European Standard Time", "offset" : "UTC+02:00", "dst" : true, "index" : "E. Europe"},
  "Europe/Rome" : {"name" : "Central European Standard Time", "offset" : "UTC+01:00", "dst" : true, "index" : "Amsterdam, Berlin, Bern, Rome, Stockholm, Vienna"},
  "Europe/Samara" : {"name" : "Samara Standard Time", "offset" : "UTC+04:00", "dst" : false, "index" : "Izhevsk, Samara (RTZ 3)"},
  "Europe/San_Marino" : {"name" : "Central European Standard Time", "offset" : "UTC+01:00", "dst" : true, "index" : "Sarajevo, Skopje, Warsaw, Zagreb"},
  "Europe/Sarajevo" : {"name" : "Central European Standard Time", "offset" : "UTC+01:00", "dst" : true, "index" : "Sarajevo, Skopje, Warsaw, Zagreb"},
  "Europe/Simferopol" : {"name" : "Moscow Standard Time", "offset" : "UTC+03:00", "dst" : false, "index" : "Moscow, St. Petersburg, Volgograd (RTZ 2)"},
  "Europe/Skopje" : {"name" : "Central European Standard Time", "offset" : "UTC+01:00", "dst" : true, "index" : "Belgrade, Bratislava, Budapest, Ljubljana, Prague"},
  "Europe/Sofia" : {"name" : "Eastern European Standard Time", "offset" : "UTC+02:00", "dst" : true, "index" : "Helsinki, Kyiv, Riga, Sofia, Tallinn, Vilnius"},


  "Europe/Stockholm" : {"name" : "Central European Standard Time", "offset" : "UTC+01:00", "dst" : true, "index" : "Amsterdam, Berlin, Bern, Rome, Stockholm, Vienna"},
  "Europe/Tallinn" : {"name" : "Eastern European Standard Time", "offset" : "UTC+02:00", "dst" : true, "index" : "Helsinki, Kyiv, Riga, Sofia, Tallinn, Vilnius"},
  "Europe/Tirane" : {"name" : "Central European Standard Time", "offset" : "UTC+01:00", "dst" : true, "index" : "Sarajevo, Skopje, Warsaw, Zagreb"},
  "Europe/Tiraspol" : {"name" : "Eastern European Standard Time", "offset" : "UTC+02:00", "dst" : true, "index" : "E. Europe"},
  "Europe/Uzhgorod" : {"name" : "Eastern European Standard Time", "offset" : "UTC+02:00", "dst" : true, "index" : "E. Europe"},
  "Europe/Vaduz" : {"name" : "Central European Standard Time", "offset" : "UTC+01:00", "dst" : true, "index" : "Belgrade, Bratislava, Budapest, Ljubljana, Prague"},
  "Europe/Vatican" : {"name" : "Central European Standard Time", "offset" : "UTC+01:00", "dst" : true, "index" : "Sarajevo, Skopje, Warsaw, Zagreb"},
  "Europe/Vienna" : {"name" : "Central European Standard Time", "offset" : "UTC+01:00", "dst" : true, "index" : "Amsterdam, Berlin, Bern, Rome, Stockholm, Vienna"},
  "Europe/Vilnius" : {"name" : "Eastern European Standard Time", "offset" : "UTC+02:00", "dst" : true, "index" : "Helsinki, Kyiv, Riga, Sofia, Tallinn, Vilnius"},
  "Europe/Volgograd" : {"name" : "Moscow Standard Time", "offset" : "UTC+03:00", "dst" : false, "index" : "Moscow, St. Petersburg, Volgograd (RTZ 2)"},
  "Europe/Warsaw" : {"name" : "Central European Standard Time", "offset" : "UTC+01:00", "dst" : true, "index" : "Sarajevo, Skopje, Warsaw, Zagreb"},
  "Europe/Zagreb" : {"name" : "Central European Standard Time", "offset" : "UTC+01:00", "dst" : true, "index" : "Sarajevo, Skopje, Warsaw, Zagreb"},
  "Europe/Zaporozhye" : {"name" : "Eastern European Standard Time", "offset" : "UTC+02:00", "dst" : true, "index" : "E. Europe"},
  "Europe/Zurich" : {"name" : "Central European Standard Time", "offset" : "UTC+01:00", "dst" : true, "index" : "Brussels, Copenhagen, Madrid, Paris"},


  "GB" : {"name" : "Greenwich Mean Time", "offset" : "UTC", "dst" : false, "index" : "Coordinated Universal Time"},
  "GB-Eire" : {"name" : "Greenwich Mean Time", "offset" : "UTC", "dst" : false, "index" : "Coordinated Universal Time"},
  "GMT" : {"name" : "GMT+00:00", "offset" : "UTC", "dst" : false, "index" : "Coordinated Universal Time"},
  "GMT-0" : {"name" : "GMT+00:00", "offset" : "UTC", "dst" : false, "index" : "Coordinated Universal Time"},
  "GMT+0" : {"name" : "GMT+00:00", "offset" : "UTC", "dst" : false, "index" : "Coordinated Universal Time"},
  "GMT0" : {"name" : "GMT+00:00", "offset" : "UTC", "dst" : false, "index" : "Coordinated Universal Time"},
  "Greenwich" : {"name" : "GMT+00:00", "offset" : "UTC", "dst" : false, "index" : "Coordinated Universal Time"},
  "Hongkong" : {"name" : "Hong Kong Standard Time", "offset" : "UTC+08:00", "dst" : false, "index" : "Beijing, Chongqing, Hong Kong, Urumqi"},
  "HST" : {"name" : "GMT-10:00", "offset" : "UTC-10:00", "dst" : false, "index" : "Hawaii"},
  "Iceland" : {"name" : "Greenwich Mean Time", "offset" : "UTC", "dst" : false, "index" : "Coordinated Universal Time"},
  "Indian/Antananarivo" : {"name" : "East Africa Time", "offset" : "UTC+03:00", "dst" : false, "index" : "Nairobi"},
  "Indian/Chagos" : {"name" : "Indian Ocean Time", "offset" : "UTC+06:00", "dst" : false, "index" : "Dhaka"},
  "Indian/Christmas" : {"name" : "Christmas Island Time", "offset" : "UTC+07:00", "dst" : false, "index" : "Bangkok, Hanoi, Jakarta"},
  "Indian/Cocos" : {"name" : "Cocos Islands Time", "offset" : "UTC+06:00", "dst" : false, "index" : "Dhaka"},
  "Indian/Comoro" : {"name" : "East Africa Time", "offset" : "UTC+03:00", "dst" : false, "index" : "Nairobi"},
  "Indian/Kerguelen" : {"name" : "French Southern and Antarctic Time", "offset" : "UTC+05:00", "dst" : false, "index" : "Islamabad, Karachi"},
  "Indian/Mahe" : {"name" : "Seychelles Time", "offset" : "UTC+04:00", "dst" : false, "index" : "Yerevan"},
  "Indian/Maldives" : {"name" : "Maldives Time", "offset" : "UTC+05:00", "dst" : false, "index" : "Islamabad, Karachi"},
  "Indian/Mauritius" : {"name" : "Mauritius Standard Time", "offset" : "UTC+04:00", "dst" : false, "index" : "Port Louis"},


  "Indian/Mayotte" : {"name" : "East Africa Time", "offset" : "UTC+03:00", "dst" : false, "index" : "Nairobi"},
  "Indian/Reunion" : {"name" : "Reunion Time", "offset" : "UTC+04:00", "dst" : false, "index" : "Yerevan"},
  "Iran" : {"name" : "Iran Standard Time", "offset" : "UTC+03:30", "dst" : true, "index" : "Tehran"},
  "Israel" : {"name" : "Israel Standard Time", "offset" : "UTC+02:00", "dst" : true, "index" : "Jerusalem"},
  "Jamaica" : {"name" : "Eastern Standard Time", "offset" : "UTC-05:00", "dst" : false, "index" : "Eastern Standard Time (US & Canada)"},
  "Japan" : {"name" : "Japan Standard Time", "offset" : "UTC+09:00", "dst" : false, "index" : "Osaka, Sapporo, Tokyo"},
  "Kwajalein" : {"name" : "Marshall Islands Time", "offset" : "UTC+12:00", "dst" : false, "index" : "Coordinated Universal Time+12"},
  "Libya" : {"name" : "Eastern European Standard Time", "offset" : "UTC+02:00", "dst" : false, "index" : "Tripoli"},
  "MET" : {"name" : "GMT+01:00", "offset" : "UTC+01:00", "dst" : true, "index" : "Brussels, Copenhagen, Madrid, Paris"},
  "Mexico/BajaNorte" : {"name" : "Pacific Standard Time", "offset" : "UTC-08:00", "dst" : true, "index" : "Baja California"},
  "Mexico/BajaSur" : {"name" : "Mexican Pacific Standard Time", "offset" : "UTC-07:00", "dst" : true, "index" : "Chihuahua, La Paz, Mazatlan"},
  "Mexico/General" : {"name" : "Central Standard Time", "offset" : "UTC-06:00", "dst" : true, "index" : "Guadalajara, Mexico City, Monterrey"},
  "MST" : {"name" : "GMT-07:00", "offset" : "UTC-07:00", "dst" : false, "index" : "Mountain Standard Time (US & Canada)"},
  "MST7MDT" : {"name" : "Mountain Standard Time", "offset" : "UTC-07:00", "dst" : true, "index" : "Mountain Daylight Time (US & Canada)"},
  "Navajo" : {"name" : "Mountain Standard Time", "offset" : "UTC-07:00", "dst" : true, "index" : "Mountain Daylight Time (US & Canada)"},
  "NZ" : {"name" : "New Zealand Standard Time", "offset" : "UTC+12:00", "dst" : true, "index" : "Auckland, Wellington"},
  "NZ-CHAT" : {"name" : "Chatham Standard Time", "offset" : "UTC+12:00", "dst" : true, "index" : "Auckland, Wellington"},


  "Pacific/Apia" : {"name" : "GMT+13:00", "offset" : "UTC+13:00", "dst" : true, "index" : "Samoa"},
  "Pacific/Auckland" : {"name" : "New Zealand Standard Time", "offset" : "UTC+12:00", "dst" : true, "index" : "Auckland, Wellington"},
  "Pacific/Bougainville" : {"name" : "GMT+11:00", "offset" : "UTC+11:00", "dst" : false, "index" : "Solomon Is., New Caledonia"},
  "Pacific/Chatham" : {"name" : "Chatham Standard Time", "offset" : "UTC+12:00", "dst" : true, "index" : "Auckland, Wellington"},
  "Pacific/Chuuk" : {"name" : "Chuuk Time", "offset" : "UTC+10:00", "dst" : false, "index" : "Guam, Port Moresby"},
  "Pacific/Easter" : {"name" : "Easter Island Standard Time", "offset" : "UTC-05:00", "dst" : true, "index" : "Eastern Daylight Time (US & Canada)"},
  "Pacific/Efate" : {"name" : "Vanuatu Standard Time", "offset" : "UTC+11:00", "dst" : false, "index" : "Solomon Is., New Caledonia"},
  "Pacific/Enderbury" : {"name" : "Phoenix Islands Time", "offset" : "UTC+13:00", "dst" : false, "index" : "Nuku'alofa"},
  "Pacific/Fakaofo" : {"name" : "Tokelau Time", "offset" : "UTC+13:00", "dst" : false, "index" : "Nuku'alofa"},
  "Pacific/Fiji" : {"name" : "Fiji Standard Time", "offset" : "UTC+12:00", "dst" : true, "index" : "Fiji"},
  "Pacific/Funafuti" : {"name" : "Tuvalu Time", "offset" : "UTC+12:00", "dst" : false, "index" : "Coordinated Universal Time+12"},
  "Pacific/Galapagos" : {"name" : "Galapagos Time", "offset" : "UTC-06:00", "dst" : false, "index" : "Central Standard Time (US & Canada)"},
  "Pacific/Gambier" : {"name" : "Gambier Time", "offset" : "UTC-09:00", "dst" : false, "index" : "Alaska"},
  "Pacific/Guadalcanal" : {"name" : "Solomon Islands Time", "offset" : "UTC+11:00", "dst" : false, "index" : "Solomon Is., New Caledonia"},
  "Pacific/Guam" : {"name" : "Chamorro Standard Time", "offset" : "UTC+10:00", "dst" : false, "index" : "Guam, Port Moresby"},
  "Pacific/Honolulu" : {"name" : "Hawaii-Aleutian Standard Time", "offset" : "UTC-10:00", "dst" : false, "index" : "Hawaii"},
  "Pacific/Johnston" : {"name" : "Hawaii-Aleutian Standard Time", "offset" : "UTC-10:00", "dst" : false, "index" : "Hawaii"},
  "Pacific/Kiritimati" : {"name" : "Line Islands Time", "offset" : "UTC+14:00", "dst" : false, "index" : "Kiritimati Island"},
  "Pacific/Kosrae" : {"name" : "Kosrae Time", "offset" : "UTC+11:00", "dst" : false, "index" : "Solomon Is., New Caledonia"},
  "Pacific/Kwajalein" : {"name" : "Marshall Islands Time", "offset" : "UTC+12:00", "dst" : false, "index" : "Coordinated Universal Time+12"},
  "Pacific/Majuro" : {"name" : "Marshall Islands Time", "offset" : "UTC+12:00", "dst" : false, "index" : "Coordinated Universal Time+12"},


  "Pacific/Marquesas" : {"name" : "Marquesas Time", "offset" : "UTC-09:00", "dst" : false, "index" : "Alaska"},
  "Pacific/Midway" : {"name" : "Samoa Standard Time", "offset" : "UTC-11:00", "dst" : false, "index" : "Coordinated Universal Time-11"},
  "Pacific/Nauru" : {"name" : "Nauru Time", "offset" : "UTC+12:00", "dst" : false, "index" : "Coordinated Universal Time+12"},
  "Pacific/Niue" : {"name" : "Niue Time", "offset" : "UTC-11:00", "dst" : false, "index" : "Coordinated Universal Time-11"},
  "Pacific/Norfolk" : {"name" : "Norfolk Island Time", "offset" : "UTC+11:00", "dst" : false, "index" : "Solomon Is., New Caledonia"},
  "Pacific/Noumea" : {"name" : "New Caledonia Standard Time", "offset" : "UTC+11:00", "dst" : false, "index" : "Solomon Is., New Caledonia"},
  "Pacific/Pago_Pago" : {"name" : "Samoa Standard Time", "offset" : "UTC-11:00", "dst" : false, "index" : "Coordinated Universal Time-11"},
  "Pacific/Palau" : {"name" : "Palau Time", "offset" : "UTC+09:00", "dst" : false, "index" : "Osaka, Sapporo, Tokyo"},
  "Pacific/Pitcairn" : {"name" : "Pitcairn Time", "offset" : "UTC-08:00", "dst" : false, "index" : "Pacific Standard Time (US & Canada)"},
  "Pacific/Pohnpei" : {"name" : "Ponape Time", "offset" : "UTC+11:00", "dst" : false, "index" : "Solomon Is., New Caledonia"},
  "Pacific/Ponape" : {"name" : "Ponape Time", "offset" : "UTC+11:00", "dst" : false, "index" : "Solomon Is., New Caledonia"},
  "Pacific/Port_Moresby" : {"name" : "Papua New Guinea Time", "offset" : "UTC+10:00", "dst" : false, "index" : "Guam, Port Moresby"},
  "Pacific/Rarotonga" : {"name" : "Cook Islands Standard Time", "offset" : "UTC-10:00", "dst" : false, "index" : "Hawaii"},
  "Pacific/Saipan" : {"name" : "Chamorro Standard Time", "offset" : "UTC+10:00", "dst" : false, "index" : "Guam, Port Moresby"},
  "Pacific/Samoa" : {"name" : "Samoa Standard Time", "offset" : "UTC-11:00", "dst" : false, "index" : "Coordinated Universal Time-11"},
  "Pacific/Tahiti" : {"name" : "Tahiti Time", "offset" : "UTC-10:00", "dst" : false, "index" : "Hawaii"},
  "Pacific/Tarawa" : {"name" : "Gilbert Islands Time", "offset" : "UTC+12:00", "dst" : false, "index" : "Coordinated Universal Time+12"},
  "Pacific/Tongatapu" : {"name" : "Tonga Standard Time", "offset" : "UTC+13:00", "dst" : false, "index" : "Nuku'alofa"},
  "Pacific/Truk" : {"name" : "Chuuk Time", "offset" : "UTC+10:00", "dst" : false, "index" : "Guam, Port Moresby"},
  "Pacific/Wake" : {"name" : "Wake Island Time", "offset" : "UTC+12:00", "dst" : false, "index" : "Coordinated Universal Time+12"},
  "Pacific/Wallis" : {"name" : "Wallis and Futuna Time", "offset" : "UTC+12:00", "dst" : false, "index" : "Coordinated Universal Time+12"},
  "Pacific/Yap" : {"name" : "Chuuk Time", "offset" : "UTC+10:00", "dst" : false, "index" : "Guam, Port Moresby"},


  "Poland" : {"name" : "Central European Standard Time", "offset" : "UTC+01:00", "dst" : true, "index" : "Sarajevo, Skopje, Warsaw, Zagreb"},
  "Portugal" : {"name" : "Western European Standard Time", "offset" : "UTC", "dst" : true, "index" : "Casablanca"},
  "PRC" : {"name" : "China Standard Time", "offset" : "UTC+08:00", "dst" : false, "index" : "Beijing, Chongqing, Hong Kong, Urumqi"},
  "PST8PDT" : {"name" : "Pacific Standard Time", "offset" : "UTC-08:00", "dst" : true, "index" : "Pacific Daylight Time (US & Canada)"},
  "ROC" : {"name" : "Taipei Standard Time", "offset" : "UTC+08:00", "dst" : false, "index" : "Taipei"},
  "ROK" : {"name" : "Korean Standard Time", "offset" : "UTC+09:00", "dst" : false, "index" : "Seoul"},
  "Singapore" : {"name" : "Singapore Standard Time", "offset" : "UTC+08:00", "dst" : false, "index" : "Kuala Lumpur, Singapore"},
  "Turkey" : {"name" : "Eastern European Standard Time", "offset" : "UTC+02:00", "dst" : true, "index" : "Istanbul"},
  "UCT" : {"name" : "UTC", "offset" : "UTC", "dst" : false, "index" : "Coordinated Universal Time"},
  "Universal" : {"name" : "UTC", "offset" : "UTC", "dst" : false, "index" : "Coordinated Universal Time"},
  "US/Alaska" : {"name" : "Alaska Standard Time", "offset" : "UTC-09:00", "dst" : true, "index" : "Alaska"},
  "US/Aleutian" : {"name" : "Hawaii-Aleutian Standard Time", "offset" : "UTC-10:00", "index" : "Hawaii"},
  "US/Arizona" : {"name" : "Mountain Standard Time", "offset" : "UTC-07:00", "dst" : false, "index" : "Arizona"},
  "US/Central" : {"name" : "Central Standard Time", "offset" : "UTC-06:00", "dst" : true, "index" : "Central Daylight Time (US & Canada)"},
  "US/East-Indiana" : {"name" : "Eastern Standard Time", "offset" : "UTC-05:00", "dst" : true, "index" : "Indiana (East)"},
  "US/Eastern" : {"name" : "Eastern Standard Time", "offset" : "UTC-05:00", "dst" : true, "index" : "Eastern Daylight Time (US & Canada)"},
  "US/Hawaii" : {"name" : "Hawaii-Aleutian Standard Time", "offset" : "UTC-10:00", "dst" : false, "index" : "Hawaii"},
  "US/Indiana-Starke" : {"name" : "Central Standard Time", "offset" : "UTC-06:00", "dst" : true, "index" : "Central Daylight Time (US & Canada)"},
  "US/Michigan" : {"name" : "Eastern Standard Time", "offset" : "UTC-05:00", "dst" : true, "index" : "Eastern Daylight Time (US & Canada)"},
  "US/Mountain" : {"name" : "Mountain Standard Time", "offset" : "UTC-07:00", "dst" : true, "index" : "Mountain Daylight Time (US & Canada)"},
  "US/Pacific" : {"name" : "Pacific Standard Time", "offset" : "UTC-08:00", "dst" : true, "index" : "Pacific Daylight Time (US & Canada)"},
  "US/Samoa" : {"name" : "Samoa Standard Time", "offset" : "UTC-11:00", "dst" : false, "index" : "Coordinated Universal Time-11"},
  "UTC" : {"name" : "UTC", "offset" : "UTC", "dst" : false, "index" : "Coordinated Universal Time"},
  "W-SU" : {"name" : "Moscow Standard Time", "offset" : "UTC+03:00", "dst" : false, "index" : "Moscow, St. Petersburg, Volgograd (RTZ 2)"},
  "WET" : {"name" : "GMT+00:00", "offset" : "UTC", "dst" : true, "index" : "Casablanca"},
  "Zulu" : {"name" : "UTC", "offset" : "UTC", "dst" : false, "index" : "Coordinated Universal Time"}
}
